{"values":[{"name":{"v":"Aguilar"},"firstName":{"v":"Abdul"},"birthDate":{"v":"1968-11-05T05:00:00.000Z"},"tel":{"v":"1-472-839-8335"},"address":{"v":"Churchill Avenue, Basildon, Essex SS14 3RR, Royaume-Uni"}},{"name":{"v":"Alford"},"firstName":{"v":"Ian"},"birthDate":{"v":"1971-06-18T04:00:00.000Z"},"tel":{"v":"1-544-235-2047"},"address":{"v":"110 Parkside Avenue, Bexleyheath, Grand Londres DA7 6NL, Royaume-Uni"}},{"name":{"v":"Anthony"},"firstName":{"v":"Raja"},"birthDate":{"v":"1974-12-29T05:00:00.000Z"},"tel":{"v":"1-485-753-4941"},"address":{"v":"26 Southampton Buildings, Londres WC2A 1AH, Royaume-Uni"}},{"name":{"v":"Ashley"},"firstName":{"v":"Judah"},"birthDate":{"v":"1973-06-30T04:00:00.000Z"},"tel":{"v":"1-854-529-2797"},"address":{"v":"162 Queenstown Road, Wandsworth, Londres SW8, Royaume-Uni"}},{"name":{"v":"Atkins"},"firstName":{"v":"Lance"},"birthDate":{"v":"1955-04-24T05:00:00.000Z"},"tel":{"v":"1-845-325-6573"},"address":{"v":"41 Westbourne Park Road, Paddington, Londres W2, Royaume-Uni"}},{"name":{"v":"Atkins"},"firstName":{"v":"Kyle"},"birthDate":{"v":"1947-12-06T05:00:00.000Z"},"tel":{"v":"1-229-208-1703"},"address":{"v":"Aviary Road, Woking, Surrey GU22, Royaume-Uni"}},{"name":{"v":"Baird"},"firstName":{"v":"Daniel"},"birthDate":{"v":"1968-10-20T04:00:00.000Z"},"tel":{"v":"1-813-268-8377"},"address":{"v":"4 Birchwood Close, Barton-upon-Humber, Lincolnshire du Nord DN18 5TJ, Royaume-Uni"}},{"name":{"v":"Barker"},"firstName":{"v":"Hasad"},"birthDate":{"v":"1951-11-02T05:00:00.000Z"},"tel":{"v":"1-436-391-6089"},"address":{"v":"5 Loop Court Mews, Sandwich, Kent CT13 9HF, Royaume-Uni"}},{"name":{"v":"Beach"},"firstName":{"v":"Anthony"},"birthDate":{"v":"1982-04-02T05:00:00.000Z"},"tel":{"v":"1-201-991-5343"},"address":{"v":"63A Old Heath Road, Wolverhampton, Midlands de l'Ouest WV1 2SL, Royaume-Uni"}},{"name":{"v":"Beck"},"firstName":{"v":"Buckminster"},"birthDate":{"v":"1958-11-04T05:00:00.000Z"},"tel":{"v":"1-621-322-7637"},"address":{"v":"Waterden Road, Londres E15 2EE, Royaume-Uni"}},{"name":{"v":"Bernard"},"firstName":{"v":"Calvin"},"birthDate":{"v":"1962-04-12T05:00:00.000Z"},"tel":{"v":"1-690-642-1969"},"address":{"v":"3 Arran Court, Stevenston, North Ayrshire KA20 3JF, Royaume-Uni"}},{"name":{"v":"Boyer"},"firstName":{"v":"Solomon"},"birthDate":{"v":"1951-09-25T04:00:00.000Z"},"tel":{"v":"1-899-507-2609"},"address":{"v":"2 The Drive, Driving Lane, Par, Cornouailles PL24 2RH, Royaume-Uni"}},{"name":{"v":"Bray"},"firstName":{"v":"Brett"},"birthDate":{"v":"1973-06-16T04:00:00.000Z"},"tel":{"v":"1-207-946-4474"},"address":{"v":"31 Woodberry Grove, Londres N12, Royaume-Uni"}},{"name":{"v":"Briggs"},"firstName":{"v":"Cadman"},"birthDate":{"v":"1979-08-25T04:00:00.000Z"},"tel":{"v":"1-860-646-7374"},"address":{"v":"Mill Street West, Dewsbury, Yorkshire de l'Ouest WF14 0XB, Royaume-Uni"}},{"name":{"v":"Brown"},"firstName":{"v":"Malcolm"},"birthDate":{"v":"1952-10-21T05:00:00.000Z"},"tel":{"v":"1-493-107-6975"},"address":{"v":"143 Out Westgate, Bury Saint Edmunds, Suffolk IP33 3NU, Royaume-Uni"}},{"name":{"v":"Burch"},"firstName":{"v":"Baxter"},"birthDate":{"v":"1977-05-22T04:00:00.000Z"},"tel":{"v":"1-784-708-5165"},"address":{"v":"9 Lower Powburn Holdings, Fordoun, Laurencekirk, Aberdeenshire AB30 1SS, Royaume-Uni"}},{"name":{"v":"Burton"},"firstName":{"v":"Noble"},"birthDate":{"v":"1947-10-31T05:00:00.000Z"},"tel":{"v":"1-516-777-6309"},"address":{"v":"4 Wakefield Gardens, Ilford, Grand Londres IG1 3SJ, Royaume-Uni"}},{"name":{"v":"Byers"},"firstName":{"v":"Vladimir"},"birthDate":{"v":"1977-05-05T04:00:00.000Z"},"tel":{"v":"1-686-700-8822"},"address":{"v":"9A Strude Howe, Alva, Clackmannanshire FK12 5JU, Royaume-Uni"}},{"name":{"v":"Carr"},"firstName":{"v":"Blaze"},"birthDate":{"v":"1956-05-28T04:00:00.000Z"},"tel":{"v":"1-121-435-2348"},"address":{"v":"41 Charlotte Place, Grays, Essex RM20 3JF, Royaume-Uni"}},{"name":{"v":"Chapman"},"firstName":{"v":"Channing"},"birthDate":{"v":"1975-05-14T04:00:00.000Z"},"tel":{"v":"1-847-737-7301"},"address":{"v":"7 Seaview Cottages, Dunnet, Thurso, Highland KW14 8XF, Royaume-Uni"}},{"name":{"v":"Charles"},"firstName":{"v":"Lev"},"birthDate":{"v":"1951-03-08T05:00:00.000Z"},"tel":{"v":"1-572-693-0495"},"address":{"v":"55-57 Nether Hall Road, Doncaster, Yorkshire du Sud DN55 1US, Royaume-Uni"}},{"name":{"v":"Church"},"firstName":{"v":"Tucker"},"birthDate":{"v":"1964-04-22T05:00:00.000Z"},"tel":{"v":"1-622-744-6792"},"address":{"v":"15-22 Arthurs Hill, Shanklin, Île de Wight PO37 6EU, Royaume-Uni"}},{"name":{"v":"Church"},"firstName":{"v":"Luke"},"birthDate":{"v":"1968-05-08T04:00:00.000Z"},"tel":{"v":"1-101-120-7689"},"address":{"v":"21 Wilfred Gardens, Ashby-de-la-Zouch, Leicestershire LE65 2GX, Royaume-Uni"}},{"name":{"v":"Clemons"},"firstName":{"v":"Octavius"},"birthDate":{"v":"1984-11-23T05:00:00.000Z"},"tel":{"v":"1-701-896-4065"},"address":{"v":"37 Coronation Place, Richmond, Yorkshire du Nord DL10 4HF, Royaume-Uni"}},{"name":{"v":"Cochran"},"firstName":{"v":"Jeremy"},"birthDate":{"v":"1946-07-14T04:00:00.000Z"},"tel":{"v":"1-890-367-5360"},"address":{"v":"227-229 Throston Grange Lane, Hartlepool TS26, Royaume-Uni"}},{"name":{"v":"Daugherty"},"firstName":{"v":"Michael"},"birthDate":{"v":"1984-09-26T04:00:00.000Z"},"tel":{"v":"1-910-264-6565"},"address":{"v":"41 Balfour Road, Grays, Essex RM17 5NS, Royaume-Uni"}},{"name":{"v":"Davis"},"firstName":{"v":"Cade"},"birthDate":{"v":"1945-10-19T05:00:00.000Z"},"tel":{"v":"1-704-815-4799"},"address":{"v":"170 Radcliffe Road, Bolton BL2 1PF, Royaume-Uni"}},{"name":{"v":"Delacruz"},"firstName":{"v":"Jakeem"},"birthDate":{"v":"1966-07-31T04:00:00.000Z"},"tel":{"v":"1-444-465-9313"},"address":{"v":"25 Taylor's Orchard, Chiselborough, Stoke-sub-Hamdon, Somerset TA14 6TS, Royaume-Uni"}},{"name":{"v":"Delaney"},"firstName":{"v":"Dominic"},"birthDate":{"v":"1952-01-21T05:00:00.000Z"},"tel":{"v":"1-352-626-5591"},"address":{"v":"Unnamed Road, Guildford, Surrey GU5 9QA, Royaume-Uni"}},{"name":{"v":"Fischer"},"firstName":{"v":"Jared"},"birthDate":{"v":"1960-12-19T05:00:00.000Z"},"tel":{"v":"1-746-307-0090"},"address":{"v":"Outlands Road, Peak District National Park, Hope Valley, Derbyshire S33, Royaume-Uni"}},{"name":{"v":"Fitzgerald"},"firstName":{"v":"Ian"},"birthDate":{"v":"1952-01-30T05:00:00.000Z"},"tel":{"v":"1-444-947-9493"},"address":{"v":"10 Oldends Lane, Stonehouse, Gloucestershire GL10 2DG, Royaume-Uni"}},{"name":{"v":"Garcia"},"firstName":{"v":"Joseph"},"birthDate":{"v":"1962-04-22T05:00:00.000Z"},"tel":{"v":"1-645-330-2182"},"address":{"v":"10 Hallgate, Pocklington, York, Yorkshire de l'Est YO42 2BT, Royaume-Uni"}},{"name":{"v":"Gates"},"firstName":{"v":"Barrett"},"birthDate":{"v":"1966-01-05T05:00:00.000Z"},"tel":{"v":"1-214-278-0026"},"address":{"v":"16 Dromore Road, Hillsborough, District de Lisburn BT26 6HS, Royaume-Uni"}},{"name":{"v":"Gay"},"firstName":{"v":"Kelly"},"birthDate":{"v":"1963-03-15T05:00:00.000Z"},"tel":{"v":"1-731-801-6515"},"address":{"v":"30 Howden Avenue, Kilwinning, North Ayrshire KA13 7AH, Royaume-Uni"}},{"name":{"v":"Gibson"},"firstName":{"v":"Elmo"},"birthDate":{"v":"1970-08-24T04:00:00.000Z"},"tel":{"v":"1-954-279-8561"},"address":{"v":"6 Hillside, Briston, Melton Constable, Norfolk NR24 2SF, Royaume-Uni"}},{"name":{"v":"Gill"},"firstName":{"v":"Uriah"},"birthDate":{"v":"1949-03-02T05:00:00.000Z"},"tel":{"v":"1-338-868-3760"},"address":{"v":"18/20 High Street, Winchester, Hampshire SO23 9JX, Royaume-Uni"}},{"name":{"v":"Gilliam"},"firstName":{"v":"Dustin"},"birthDate":{"v":"1959-04-08T05:00:00.000Z"},"tel":{"v":"1-110-373-5758"},"address":{"v":"156A Mansfield Lane, Calverton, Nottingham, Nottinghamshire NG14 6HN, Royaume-Uni"}},{"name":{"v":"Greene"},"firstName":{"v":"Bruce"},"birthDate":{"v":"1959-07-08T04:00:00.000Z"},"tel":{"v":"1-783-107-8076"},"address":{"v":"Unnamed Road, Newcastle Emlyn, Carmarthenshire SA38 9LR, Royaume-Uni"}},{"name":{"v":"Griffith"},"firstName":{"v":"Noble"},"birthDate":{"v":"1983-04-30T04:00:00.000Z"},"tel":{"v":"1-216-198-7431"},"address":{"v":"55-57 Nether Hall Road, Doncaster, Yorkshire du Sud DN55 1US, Royaume-Uni"}},{"name":{"v":"Guzman"},"firstName":{"v":"Hu"},"birthDate":{"v":"1967-01-28T05:00:00.000Z"},"tel":{"v":"1-908-283-5416"},"address":{"v":"6 Bronte Close, Londres E7 0EJ, Royaume-Uni"}},{"name":{"v":"Guzman"},"firstName":{"v":"Chaim"},"birthDate":{"v":"1945-11-17T05:00:00.000Z"},"tel":{"v":"1-394-414-5996"},"address":{"v":"37-41 Earl Street, Maidstone, Kent ME14 1PF, Royaume-Uni"}},{"name":{"v":"Harper"},"firstName":{"v":"Rudyard"},"birthDate":{"v":"1978-06-16T04:00:00.000Z"},"tel":{"v":"1-989-799-0002"},"address":{"v":"4 Newton Bank, Ardvasar, Isle of Skye, Highland IV45 8RL, Royaume-Uni"}},{"name":{"v":"Harrington"},"firstName":{"v":"Lester"},"birthDate":{"v":"1978-01-02T05:00:00.000Z"},"tel":{"v":"1-546-116-4877"},"address":{"v":"7 Bond Drive, Birmingham, Midlands de l'Ouest B35 7QQ, Royaume-Uni"}},{"name":{"v":"Head"},"firstName":{"v":"Noble"},"birthDate":{"v":"1953-10-28T05:00:00.000Z"},"tel":{"v":"1-926-338-9504"},"address":{"v":"Donington Road, Kirton, Boston, Lincolnshire PE20, Royaume-Uni"}},{"name":{"v":"Hendrix"},"firstName":{"v":"Kadeem"},"birthDate":{"v":"1981-06-09T04:00:00.000Z"},"tel":{"v":"1-683-550-8242"},"address":{"v":"2 Cherry Park, Coleraine, District de Coleraine BT51 3SA, Royaume-Uni"}},{"name":{"v":"Henry"},"firstName":{"v":"Abraham"},"birthDate":{"v":"1970-09-19T04:00:00.000Z"},"tel":{"v":"1-478-468-7703"},"address":{"v":"B5026, Eccleshall, Stafford, Staffordshire ST21 6NF, Royaume-Uni"}},{"name":{"v":"Hinton"},"firstName":{"v":"Mufutau"},"birthDate":{"v":"1962-04-19T05:00:00.000Z"},"tel":{"v":"1-789-332-5714"},"address":{"v":"1 Cuthbert Street, Highbridge, Somerset TA9 3AS, Royaume-Uni"}},{"name":{"v":"Holman"},"firstName":{"v":"Dennis"},"birthDate":{"v":"1980-11-05T05:00:00.000Z"},"tel":{"v":"1-728-988-0216"},"address":{"v":"4A Pirn Road, Innerleithen, Scottish Borders EH44 6HQ, Royaume-Uni"}},{"name":{"v":"Hoover"},"firstName":{"v":"Evan"},"birthDate":{"v":"1978-03-12T05:00:00.000Z"},"tel":{"v":"1-620-468-4606"},"address":{"v":"53 Commerce Street, Derby DE24 8TR, Royaume-Uni"}},{"name":{"v":"Howell"},"firstName":{"v":"Yardley"},"birthDate":{"v":"1966-11-12T05:00:00.000Z"},"tel":{"v":"1-802-540-1038"},"address":{"v":"9 Needham Avenue, Glen Parva, Leicester, Leicestershire LE2 9JL, Royaume-Uni"}},{"name":{"v":"King"},"firstName":{"v":"Gannon"},"birthDate":{"v":"1952-05-02T04:00:00.000Z"},"tel":{"v":"1-842-963-5617"},"address":{"v":"97 Kingsdown Road, Saint Margaret's at Cliffe, Douvres, Kent CT15, Royaume-Uni"}},{"name":{"v":"Kirkland"},"firstName":{"v":"Kasper"},"birthDate":{"v":"1949-10-21T04:00:00.000Z"},"tel":{"v":"1-901-965-5896"},"address":{"v":"30 The Avenue, Kingston-upon-Hull, Hull HU7 4UX, Royaume-Uni"}},{"name":{"v":"Koch"},"firstName":{"v":"Mark"},"birthDate":{"v":"1979-03-07T05:00:00.000Z"},"tel":{"v":"1-558-862-0990"},"address":{"v":"46 John Street, Penicuik, Midlothian EH26 8AA, Royaume-Uni"}},{"name":{"v":"Lancaster"},"firstName":{"v":"Avram"},"birthDate":{"v":"1983-12-26T05:00:00.000Z"},"tel":{"v":"1-956-251-7810"},"address":{"v":"Watford, Hertfordshire WD18 1RG, Royaume-Uni"}},{"name":{"v":"Langley"},"firstName":{"v":"Arthur"},"birthDate":{"v":"1986-10-19T04:00:00.000Z"},"tel":{"v":"1-845-995-2305"},"address":{"v":"210A Upper Richmond Road West, Londres SW14 8AH, Royaume-Uni"}},{"name":{"v":"Lindsay"},"firstName":{"v":"Elijah"},"birthDate":{"v":"1976-01-09T05:00:00.000Z"},"tel":{"v":"1-474-430-3231"},"address":{"v":"34 Cheam Common Road, Worcester Park, Grand Londres KT4 8RW, Royaume-Uni"}},{"name":{"v":"Lloyd"},"firstName":{"v":"Akeem"},"birthDate":{"v":"1967-12-02T05:00:00.000Z"},"tel":{"v":"1-348-229-4721"},"address":{"v":"1 Mid New Cultins, Édimbourg, City of Edinburgh EH11 4DH, Royaume-Uni"}},{"name":{"v":"Malone"},"firstName":{"v":"Joshua"},"birthDate":{"v":"1976-08-29T04:00:00.000Z"},"tel":{"v":"1-962-537-5803"},"address":{"v":"77A Heol Waun Y Clun, Trimsaran, Kidwelly, Carmarthenshire SA17 4BS, Royaume-Uni"}},{"name":{"v":"Martin"},"firstName":{"v":"Samson"},"birthDate":{"v":"1956-03-20T05:00:00.000Z"},"tel":{"v":"1-784-102-3905"},"address":{"v":"28 Goodwin Road, Rotherham, Yorkshire du Sud S61 4DE, Royaume-Uni"}},{"name":{"v":"Martin"},"firstName":{"v":"Orson"},"birthDate":{"v":"1959-05-20T04:00:00.000Z"},"tel":{"v":"1-220-286-8006"},"address":{"v":"180 Sheen Lane, Londres SW14 8LZ, Royaume-Uni"}},{"name":{"v":"Matthews"},"firstName":{"v":"Byron"},"birthDate":{"v":"1981-06-14T04:00:00.000Z"},"tel":{"v":"1-169-665-1615"},"address":{"v":"Londres SE1P 5PT, Royaume-Uni"}},{"name":{"v":"Meadows"},"firstName":{"v":"Graiden"},"birthDate":{"v":"1956-02-07T05:00:00.000Z"},"tel":{"v":"1-139-475-3865"},"address":{"v":"10 Brook End, Longhope, Gloucestershire GL17 0QT, Royaume-Uni"}},{"name":{"v":"Miranda"},"firstName":{"v":"Malcolm"},"birthDate":{"v":"1964-03-20T05:00:00.000Z"},"tel":{"v":"1-988-118-2724"},"address":{"v":"13 Royce Avenue, Hucknall, Nottingham, Nottinghamshire NG15, Royaume-Uni"}},{"name":{"v":"Montoya"},"firstName":{"v":"Baker"},"birthDate":{"v":"1945-08-26T04:00:00.000Z"},"tel":{"v":"1-387-669-4971"},"address":{"v":"Woefuldane Bottom, Stroud, Gloucestershire GL6 9AS, Royaume-Uni"}},{"name":{"v":"Mooney"},"firstName":{"v":"Graiden"},"birthDate":{"v":"1985-02-06T05:00:00.000Z"},"tel":{"v":"1-696-897-4566"},"address":{"v":"340 Bath Road, Harmondsworth, West Drayton, Grand Londres UB7 0DE, Royaume-Uni"}},{"name":{"v":"Morgan"},"firstName":{"v":"Axel"},"birthDate":{"v":"1946-05-14T04:00:00.000Z"},"tel":{"v":"1-977-356-2973"},"address":{"v":"36 Springfield Glade, Malvern, Worcestershire WR14 1LN, Royaume-Uni"}},{"name":{"v":"Morin"},"firstName":{"v":"August"},"birthDate":{"v":"1963-03-27T05:00:00.000Z"},"tel":{"v":"1-776-769-0570"},"address":{"v":"3 Beechfield, Reigate and Banstead, Banstead, Surrey SM7, Royaume-Uni"}},{"name":{"v":"Morton"},"firstName":{"v":"Conan"},"birthDate":{"v":"1956-12-29T05:00:00.000Z"},"tel":{"v":"1-551-763-5930"},"address":{"v":"Bakers Court, 49 Church Parade, Canvey Island, Essex SS8 9EZ, Royaume-Uni"}},{"name":{"v":"Nelson"},"firstName":{"v":"Caldwell"},"birthDate":{"v":"1956-04-09T05:00:00.000Z"},"tel":{"v":"1-669-543-4290"},"address":{"v":"4A Alexandra Road, Carnforth, Lancastre LA5 9DT, Royaume-Uni"}},{"name":{"v":"Nielsen"},"firstName":{"v":"Jordan"},"birthDate":{"v":"1982-07-01T04:00:00.000Z"},"tel":{"v":"1-842-103-9980"},"address":{"v":"12 Braeside Gardens, Birkenhead, Wirral CH49, Royaume-Uni"}},{"name":{"v":"Norton"},"firstName":{"v":"Guy"},"birthDate":{"v":"1946-11-02T05:00:00.000Z"},"tel":{"v":"1-913-716-7421"},"address":{"v":"6 Millgate Street, Methwold, Thetford, Norfolk IP26 4NY, Royaume-Uni"}},{"name":{"v":"Parks"},"firstName":{"v":"Stuart"},"birthDate":{"v":"1973-08-14T04:00:00.000Z"},"tel":{"v":"1-437-528-8731"},"address":{"v":"14 Priestley Way, Crawley, West Sussex RH10 9NT, Royaume-Uni"}},{"name":{"v":"Patel"},"firstName":{"v":"Josiah"},"birthDate":{"v":"1974-08-16T04:00:00.000Z"},"tel":{"v":"1-900-344-9089"},"address":{"v":"A863, Isle of Skye, Highland IV56 8FJ, Royaume-Uni"}},{"name":{"v":"Pennington"},"firstName":{"v":"Jacob"},"birthDate":{"v":"1972-07-06T04:00:00.000Z"},"tel":{"v":"1-139-461-9727"},"address":{"v":"A44, Aberystwyth, Ceredigion SY23, Royaume-Uni"}},{"name":{"v":"Powers"},"firstName":{"v":"Theodore"},"birthDate":{"v":"1985-02-03T05:00:00.000Z"},"tel":{"v":"1-567-126-8759"},"address":{"v":"26 Coombe Street, Lyme Regis, Dorset DT7, Royaume-Uni"}},{"name":{"v":"Preston"},"firstName":{"v":"Nathan"},"birthDate":{"v":"1983-08-26T04:00:00.000Z"},"tel":{"v":"1-363-102-7829"},"address":{"v":"116 Royal Avenue, Belfast, District de Belfast BT1, Royaume-Uni"}},{"name":{"v":"Ramos"},"firstName":{"v":"Prescott"},"birthDate":{"v":"1952-01-22T05:00:00.000Z"},"tel":{"v":"1-601-720-0614"},"address":{"v":"20A Winchester Way, Ashby-de-la-Zouch, Leicestershire LE65 2NR, Royaume-Uni"}},{"name":{"v":"Roman"},"firstName":{"v":"Abraham"},"birthDate":{"v":"1984-10-31T05:00:00.000Z"},"tel":{"v":"1-525-821-2089"},"address":{"v":"14 Ffrydd Terrace, Knighton, Powys LD7 1DL, Royaume-Uni"}},{"name":{"v":"Rowe"},"firstName":{"v":"Conan"},"birthDate":{"v":"1984-06-27T04:00:00.000Z"},"tel":{"v":"1-541-164-2315"},"address":{"v":"Unnamed Road, Forest of Dean, Cinderford, Gloucestershire GL14 3LQ, Royaume-Uni"}},{"name":{"v":"Rowland"},"firstName":{"v":"Lester"},"birthDate":{"v":"1950-06-18T04:00:00.000Z"},"tel":{"v":"1-839-558-8919"},"address":{"v":"4A Thackeray Street, Kensington, Londres W8 5ET, Royaume-Uni"}},{"name":{"v":"Rush"},"firstName":{"v":"Jakeem"},"birthDate":{"v":"1983-04-12T05:00:00.000Z"},"tel":{"v":"1-508-471-1546"},"address":{"v":"Folly Lane, Trevethin, Pontypool, Torfaen NP4 8DJ, Royaume-Uni"}},{"name":{"v":"Rutledge"},"firstName":{"v":"Derek"},"birthDate":{"v":"1968-04-23T05:00:00.000Z"},"tel":{"v":"1-792-565-4933"},"address":{"v":"2 High Street, Uxbridge, Grand Londres UB8 2EB, Royaume-Uni"}},{"name":{"v":"Sandoval"},"firstName":{"v":"Jasper"},"birthDate":{"v":"1948-08-07T04:00:00.000Z"},"tel":{"v":"1-939-496-4240"},"address":{"v":"3 Bromley Lane, Hyde Heath, Amersham, Buckinghamshire HP6 5SQ, Royaume-Uni"}},{"name":{"v":"Santiago"},"firstName":{"v":"Stuart"},"birthDate":{"v":"1976-05-24T04:00:00.000Z"},"tel":{"v":"1-792-548-2635"},"address":{"v":"10 Langdale Gate, Witney, Oxfordshire OX28 6EX, Royaume-Uni"}},{"name":{"v":"Sargent"},"firstName":{"v":"Akeem"},"birthDate":{"v":"1978-11-25T05:00:00.000Z"},"tel":{"v":"1-363-369-3919"},"address":{"v":"Unnamed Road, Merthyr Tydfil, Caerphilly CF48 4AE, Royaume-Uni"}},{"name":{"v":"Sharpe"},"firstName":{"v":"Tyrone"},"birthDate":{"v":"1984-04-30T04:00:00.000Z"},"tel":{"v":"1-528-920-0679"},"address":{"v":"11 Dromara Road, Hillsborough, District de Lisburn BT26 6PD, Royaume-Uni"}},{"name":{"v":"Simmons"},"firstName":{"v":"Quinlan"},"birthDate":{"v":"1972-06-18T04:00:00.000Z"},"tel":{"v":"1-551-788-5146"},"address":{"v":"193 Gosbecks Road, Colchester, Essex CO2, Royaume-Uni"}},{"name":{"v":"Singleton"},"firstName":{"v":"Calvin"},"birthDate":{"v":"1979-04-06T05:00:00.000Z"},"tel":{"v":"1-134-505-2039"},"address":{"v":"189 Chipperfield Road, Orpington, Grand Londres BR5 2PZ, Royaume-Uni"}},{"name":{"v":"Trevino"},"firstName":{"v":"Brennan"},"birthDate":{"v":"1971-05-12T04:00:00.000Z"},"tel":{"v":"1-209-674-3413"},"address":{"v":"1A Hopefield Park, Bonnyrigg, Midlothian EH19 2NE, Royaume-Uni"}},{"name":{"v":"Tyson"},"firstName":{"v":"Guy"},"birthDate":{"v":"1960-01-16T05:00:00.000Z"},"tel":{"v":"1-943-980-1877"},"address":{"v":"1 Ford Cottages, Strachur, Cairndow, Argyll and Bute PA27 8DH, Royaume-Uni"}},{"name":{"v":"Vargas"},"firstName":{"v":"Raymond"},"birthDate":{"v":"1978-08-07T04:00:00.000Z"},"tel":{"v":"1-685-921-1040"},"address":{"v":"Unnamed Road, Carlisle, Cumbrie CA6 5RZ, Royaume-Uni"}},{"name":{"v":"Vaughan"},"firstName":{"v":"Hu"},"birthDate":{"v":"1972-05-05T04:00:00.000Z"},"tel":{"v":"1-597-708-1666"},"address":{"v":"13 Nevill Road, Brighton, The City of Brighton and Hove BN2, Royaume-Uni"}},{"name":{"v":"Vaughn"},"firstName":{"v":"Ulysses"},"birthDate":{"v":"1966-11-03T05:00:00.000Z"},"tel":{"v":"1-221-606-8878"},"address":{"v":"243 Gray's Inn Road, Kings Cross, Londres WC1X 8RB, Royaume-Uni"}},{"name":{"v":"Wallace"},"firstName":{"v":"Len"},"birthDate":{"v":"1948-12-17T05:00:00.000Z"},"tel":{"v":"1-855-148-8959"},"address":{"v":"4 Ivy Lane, Boston Spa, Wetherby, Yorkshire de l'Ouest LS23 6PP, Royaume-Uni"}},{"name":{"v":"Warner"},"firstName":{"v":"Kibo"},"birthDate":{"v":"1977-08-23T04:00:00.000Z"},"tel":{"v":"1-761-515-2996"},"address":{"v":"4 Cedar Court, Doune, Stirling FK16 6JQ, Royaume-Uni"}},{"name":{"v":"Waters"},"firstName":{"v":"Octavius"},"birthDate":{"v":"1986-12-21T05:00:00.000Z"},"tel":{"v":"1-126-429-9794"},"address":{"v":"Warne Road, Weston-super-Mare, Somerset du Nord BS23 3UU, Royaume-Uni"}},{"name":{"v":"Weeks"},"firstName":{"v":"Erasmus"},"birthDate":{"v":"1964-10-07T04:00:00.000Z"},"tel":{"v":"1-517-417-6950"},"address":{"v":"3-4 Park Avenue, Balloch, Alexandria, West Dunbartonshire G83, Royaume-Uni"}},{"name":{"v":"Whitaker"},"firstName":{"v":"Rahim"},"birthDate":{"v":"1969-06-19T04:00:00.000Z"},"tel":{"v":"1-128-377-0268"},"address":{"v":"56 Rose Hill, Sutton, Grand Londres SM1 3EX, Royaume-Uni"}},{"name":{"v":"Woodard"},"firstName":{"v":"Randall"},"birthDate":{"v":"1963-02-23T05:00:00.000Z"},"tel":{"v":"1-950-356-4759"},"address":{"v":"21 Greenthorpe Hill, Leeds, Yorkshire de l'Ouest LS13 4LT, Royaume-Uni"}},{"name":{"v":"Wynn"},"firstName":{"v":"Jamal"},"birthDate":{"v":"1946-06-26T04:00:00.000Z"},"tel":{"v":"1-446-149-0067"},"address":{"v":"1 County Council Houses, Fort Augustus, Highland PH32 4DP, Royaume-Uni"}}]}
